user_prueba151@seguridata.com,12121212Qw.,4
user_prueba152@seguridata.com,12121212Qw.,4
user_prueba153@seguridata.com,12121212Qw.,4
user_prueba154@seguridata.com,12121212Qw.,4
user_prueba155@seguridata.com,12121212Qw.,4
user_prueba156@seguridata.com,12121212Qw.,4
user_prueba157@seguridata.com,12121212Qw.,4
user_prueba158@seguridata.com,12121212Qw.,4
user_prueba159@seguridata.com,12121212Qw.,4
user_prueba160@seguridata.com,12121212Qw.,4
user_prueba161@seguridata.com,12121212Qw.,4
user_prueba162@seguridata.com,12121212Qw.,4
user_prueba163@seguridata.com,12121212Qw.,4
user_prueba164@seguridata.com,12121212Qw.,4
user_prueba165@seguridata.com,12121212Qw.,4
user_prueba166@seguridata.com,12121212Qw.,4
user_prueba167@seguridata.com,12121212Qw.,4
user_prueba168@seguridata.com,12121212Qw.,4
user_prueba169@seguridata.com,12121212Qw.,4
user_prueba170@seguridata.com,12121212Qw.,4
user_prueba171@seguridata.com,12121212Qw.,4
user_prueba172@seguridata.com,12121212Qw.,4
user_prueba173@seguridata.com,12121212Qw.,4
user_prueba174@seguridata.com,12121212Qw.,4
user_prueba175@seguridata.com,12121212Qw.,4
user_prueba176@seguridata.com,12121212Qw.,4
user_prueba177@seguridata.com,12121212Qw.,4
user_prueba178@seguridata.com,12121212Qw.,4
user_prueba179@seguridata.com,12121212Qw.,4
user_prueba180@seguridata.com,12121212Qw.,4
user_prueba181@seguridata.com,12121212Qw.,4
user_prueba182@seguridata.com,12121212Qw.,4
user_prueba183@seguridata.com,12121212Qw.,4
user_prueba184@seguridata.com,12121212Qw.,4
user_prueba185@seguridata.com,12121212Qw.,4
user_prueba186@seguridata.com,12121212Qw.,4
user_prueba187@seguridata.com,12121212Qw.,4
user_prueba188@seguridata.com,12121212Qw.,4
user_prueba189@seguridata.com,12121212Qw.,4
user_prueba190@seguridata.com,12121212Qw.,4
user_prueba191@seguridata.com,12121212Qw.,4
user_prueba192@seguridata.com,12121212Qw.,4
user_prueba193@seguridata.com,12121212Qw.,4
user_prueba194@seguridata.com,12121212Qw.,4
user_prueba195@seguridata.com,12121212Qw.,4
user_prueba196@seguridata.com,12121212Qw.,4
user_prueba197@seguridata.com,12121212Qw.,4
user_prueba198@seguridata.com,12121212Qw.,4
user_prueba199@seguridata.com,12121212Qw.,4
user_prueba200@seguridata.com,12121212Qw.,4