user_prueba1@seguridata.com,12121212Qw.,4,0
user_prueba2@seguridata.com,12121212Qw.,4,0
user_prueba3@seguridata.com,12121212Qw.,4,0
user_prueba4@seguridata.com,12121212Qw.,4,0
user_prueba5@seguridata.com,12121212Qw.,4,0
user_prueba6@seguridata.com,12121212Qw.,4,0
user_prueba7@seguridata.com,12121212Qw.,4,0
user_prueba8@seguridata.com,12121212Qw.,4,0
user_prueba9@seguridata.com,12121212Qw.,4,0
user_prueba10@seguridata.com,12121212Qw.,4,0
user_prueba11@seguridata.com,12121212Qw.,4,0
user_prueba12@seguridata.com,12121212Qw.,4,0
user_prueba13@seguridata.com,12121212Qw.,4,0
user_prueba14@seguridata.com,12121212Qw.,4,0
user_prueba15@seguridata.com,12121212Qw.,4,0
user_prueba16@seguridata.com,12121212Qw.,4,0
user_prueba17@seguridata.com,12121212Qw.,4,0
user_prueba18@seguridata.com,12121212Qw.,4,0
user_prueba19@seguridata.com,12121212Qw.,4,0
user_prueba20@seguridata.com,12121212Qw.,4,0
user_prueba21@seguridata.com,12121212Qw.,4,0
user_prueba22@seguridata.com,12121212Qw.,4,0
user_prueba23@seguridata.com,12121212Qw.,4,0
user_prueba24@seguridata.com,12121212Qw.,4,0
user_prueba25@seguridata.com,12121212Qw.,4,0
user_prueba26@seguridata.com,12121212Qw.,4,0
user_prueba27@seguridata.com,12121212Qw.,4,0
user_prueba28@seguridata.com,12121212Qw.,4,0
user_prueba29@seguridata.com,12121212Qw.,4,0
user_prueba30@seguridata.com,12121212Qw.,4,0
user_prueba31@seguridata.com,12121212Qw.,4,0
user_prueba32@seguridata.com,12121212Qw.,4,0
user_prueba33@seguridata.com,12121212Qw.,4,0
user_prueba34@seguridata.com,12121212Qw.,4,0
user_prueba35@seguridata.com,12121212Qw.,4,0
user_prueba36@seguridata.com,12121212Qw.,4,0
user_prueba37@seguridata.com,12121212Qw.,4,0
user_prueba38@seguridata.com,12121212Qw.,4,0
user_prueba39@seguridata.com,12121212Qw.,4,0
user_prueba40@seguridata.com,12121212Qw.,4,0
user_prueba41@seguridata.com,12121212Qw.,4,0
user_prueba42@seguridata.com,12121212Qw.,4,0
user_prueba43@seguridata.com,12121212Qw.,4,0
user_prueba44@seguridata.com,12121212Qw.,4,0
user_prueba45@seguridata.com,12121212Qw.,4,0
user_prueba46@seguridata.com,12121212Qw.,4,0
user_prueba47@seguridata.com,12121212Qw.,4,0
user_prueba48@seguridata.com,12121212Qw.,4,0
user_prueba49@seguridata.com,12121212Qw.,4,0
user_prueba50@seguridata.com,12121212Qw.,4,0
user_prueba51@seguridata.com,12121212Qw.,4,0
user_prueba52@seguridata.com,12121212Qw.,4,0
user_prueba53@seguridata.com,12121212Qw.,4,0
user_prueba54@seguridata.com,12121212Qw.,4,0
user_prueba55@seguridata.com,12121212Qw.,4,0
user_prueba56@seguridata.com,12121212Qw.,4,0
user_prueba57@seguridata.com,12121212Qw.,4,0
user_prueba58@seguridata.com,12121212Qw.,4,0
user_prueba59@seguridata.com,12121212Qw.,4,0
user_prueba60@seguridata.com,12121212Qw.,4,0
user_prueba61@seguridata.com,12121212Qw.,4,0
user_prueba62@seguridata.com,12121212Qw.,4,0
user_prueba63@seguridata.com,12121212Qw.,4,0
user_prueba64@seguridata.com,12121212Qw.,4,0
user_prueba65@seguridata.com,12121212Qw.,4,0
user_prueba66@seguridata.com,12121212Qw.,4,0
user_prueba67@seguridata.com,12121212Qw.,4,0
user_prueba68@seguridata.com,12121212Qw.,4,0
user_prueba69@seguridata.com,12121212Qw.,4,0
user_prueba70@seguridata.com,12121212Qw.,4,0
user_prueba71@seguridata.com,12121212Qw.,4,0
user_prueba72@seguridata.com,12121212Qw.,4,0
user_prueba73@seguridata.com,12121212Qw.,4,0
user_prueba74@seguridata.com,12121212Qw.,4,0
user_prueba75@seguridata.com,12121212Qw.,4,0
user_prueba76@seguridata.com,12121212Qw.,4,0
user_prueba77@seguridata.com,12121212Qw.,4,0
user_prueba78@seguridata.com,12121212Qw.,4,0
user_prueba79@seguridata.com,12121212Qw.,4,0
user_prueba80@seguridata.com,12121212Qw.,4,0
user_prueba81@seguridata.com,12121212Qw.,4,0
user_prueba82@seguridata.com,12121212Qw.,4,0
user_prueba83@seguridata.com,12121212Qw.,4,0
user_prueba84@seguridata.com,12121212Qw.,4,0
user_prueba85@seguridata.com,12121212Qw.,4,0
user_prueba86@seguridata.com,12121212Qw.,4,0
user_prueba87@seguridata.com,12121212Qw.,4,0
user_prueba88@seguridata.com,12121212Qw.,4,0
user_prueba89@seguridata.com,12121212Qw.,4,0
user_prueba90@seguridata.com,12121212Qw.,4,0
user_prueba91@seguridata.com,12121212Qw.,4,0
user_prueba92@seguridata.com,12121212Qw.,4,0
user_prueba93@seguridata.com,12121212Qw.,4,0
user_prueba94@seguridata.com,12121212Qw.,4,0
user_prueba95@seguridata.com,12121212Qw.,4,0
user_prueba96@seguridata.com,12121212Qw.,4,0
user_prueba97@seguridata.com,12121212Qw.,4,0
user_prueba98@seguridata.com,12121212Qw.,4,0
user_prueba99@seguridata.com,12121212Qw.,4,0
user_prueba100@seguridata.com,12121212Qw.,4,0